{
  "loss": 0.43845465779304504,
  "accuracy": 0.7955302596092224,
  "val_loss": 0.4516715705394745,
  "val_accuracy": 0.7851796746253967,
  "lr": 0.0010000000474974513,
  "epoch": 1,
  "global_step": 2000
}